{
  "__main__.test_func:5feceb66ffc86f38d952786c6d696c79c2dbc239dd4e91b46729d73a27fb57e9": {
    "key": "__main__.test_func:5feceb66ffc86f38d952786c6d696c79c2dbc239dd4e91b46729d73a27fb57e9",
    "value": "0",
    "created_at": 1764616000.156483,
    "expires_at": 1764616060.156483,
    "hit_count": 0,
    "last_accessed": null,
    "size_bytes": 1
  }
}